geoId,CntrName,muertes,casos,muertespermil,casospermil,l10muertespermil,Hombres80,Mujeres80,Pobla80,Pobla65,PoblaMid,PoblaData,PoblaDens,Mujeres,Urbano,ExpectVida,NeontlMort,DisMort,Lesion,EnfNoTrans,EnfTrans,PBI,Tuberculosis,Diabetes,Medicos,Camas,ImmunSaramp,TempMarzo,HipTen.H,HipTen.M,HipTen,BCG,BCGf,Tiempo
AF,Afghanistan,227,12456,6.106683601,335.0874491,0.851666981,0.233325824,0.320982291,0.277154058,2.58492694,54.32489755,0.37172386,0.5693776,48.6358467,25.495,62.701,37.1,29.8,19.5,44.1,36.4,1.835169638,189,9.2,0.240090909,0.436363636,64,7.6,18.6,19.8,19.2,1,Yes,56
AL,Albania,33,1050,11.51279525,366.3162125,1.097354338,2.448078694,3.033953897,2.741016295,13.74473591,68.58239036,0.02866376,1.046122628,49.0630946,60.319,76.601,6.5,17,4,93.1,2.9,11.335195,18,9,1.212371429,2.9375,94,6.04,41.6,39.4,40.5,1,Yes,69
DZ,Algeria,623,8857,14.75309441,209.7402203,1.197365876,1.181755497,1.360213725,1.270984611,6.362496545,63.48882487,0.42228429,0.177300751,49.48426788,72.629,75.307,14.6,14.2,9.5,75.7,14.8,14.1967389,69,6.7,1.312025,1.9,80,17.91,22.3,23,22.65,1,Yes,57
AO,Angola,4,71,0.129828981,2.30446441,0.05301271,0.207532625,0.337248804,0.272390715,2.216373648,50.97470164,0.30809762,0.247130521,50.53046293,65.514,57.677,28.5,16.5,9.2,27.4,63.4,6.720596088,355,4.5,0.173,0.8,50,22.78,31.1,25.2,28.15,1,Yes,82
AR,Argentina,500,13920,11.23734344,312.8476413,1.087687149,1.774818804,3.447532031,2.611175417,11.11778888,64.12127729,0.44494502,0.162585101,51.23734845,91.87,72.924,6.4,15.8,6.5,77.6,15.9,20.06849234,27,5.9,3.57165,4.6,94,17.51,41.8,32.9,37.35,1,Yes,64
AM,Armenia,98,7774,33.20035125,2633.668679,1.534030566,2.459599597,3.7882699,3.123934748,11.25381766,68.11276042,0.02951776,1.036802248,52.95657715,63.149,71.115,6.5,22.3,3.9,93.3,2.8,8.349180178,31,6.1,3.061225,4.02,95,-0.57,41.2,43.4,42.3,1,Yes,61
AU,Australia,103,7139,4.121257973,285.6471909,0.709376653,3.408018824,4.679249069,4.043633947,15.65647523,65.15290773,0.24992369,0.032491295,50.19962324,86.012,80.4,2.3,9.1,5.9,89.5,4.6,45.7525548,6.6,5.6,3.274022222,3.878333333,95,25.37,34.8,32.8,33.8,1,Yes,25
AT,Austria,645,16515,72.90576495,1866.726679,1.868678316,3.920086808,6.553866531,5.236976669,19.00156646,66.70048591,0.08847037,1.072069267,50.82942665,58.297,79.3,2.1,11.4,5.2,92.2,2.6,48.96871397,7.1,6.6,4.668011111,7.7,94,1.42,44.9,38.8,41.85,1,Yes,57
AZ,Azerbaijan,54,4568,5.431320251,459.4494613,0.808300136,0.982339805,1.737144989,1.359742397,6.195182751,70.43524739,0.09942334,1.202653199,50.1157491,55.68,70.128,11.2,22.2,4.6,86.6,8.8,17.09069634,63,6.1,3.5873625,6.466666667,96,4.97,25.9,31.4,28.65,1,Yes,60
BD,Bangladesh,544,38292,3.37142634,237.3137085,0.640623165,0.925676649,1.067140918,0.996408783,5.15839064,67.13558688,1.61356039,12.39579312,49.38729667,36.632,70.409,17.1,21.6,7.5,66.9,25.6,3.306108312,221,9.2,0.390476923,0.575,97,25.42,15.2,17.4,16.3,1,Yes,69
BY,Belarus,214,38956,22.56102177,4106.949364,1.37219412,1.9850578,5.623951736,3.804504768,14.84514817,68.28890878,0.09485386,0.467287999,53.45605422,78.595,69.3,1.3,23.7,7,90.5,2.5,18.17218091,31,5,4.22154,11.2,97,-0.69,43.9,45.5,44.7,1,Yes,59
BE,Belgium,9364,57592,819.8165166,5042.169246,2.914246087,4.268474117,7.121201897,5.694838007,18.78874374,64.1558335,0.11422068,3.772149273,50.59331939,98.001,79,2,11.4,6.4,85.7,7.9,45.26316216,9,4.6,2.798144444,6.55,96,5.23,39.4,35,37.2,0,No,35
BZ,Belize,2,18,5.22096426,46.98867834,0.793857706,1.047704903,1.031346055,1.039525479,4.736458777,64.98377585,0.00383071,0.167939939,50.19252306,45.724,71.533,8.6,22.1,13.2,67.4,19.4,8.09377962,30,17.1,0.96785,1.16,97,24.45,24.3,25.1,24.7,1,Yes,84
BJ,Benin,3,210,0.261209183,18.28464278,0.100787124,0.33308679,0.540043477,0.436565134,3.253605297,54.29871231,0.11485048,1.018539198,50.0982017,47.312,59.633,31.3,19.6,10.2,35.7,54.1,2.067570464,56,1,0.11874,0.5,71,30.14,39.9,40.3,40.1,1,Yes,77
BT,Bhutan,0,28,0,37.11588374,0,1.208323954,1.210707699,1.209515826,6.003011713,68.22563455,0.00754394,0.197775278,47.00263522,40.895,70.822,16.4,23.3,10.5,68.6,20.9,8.34172459,149,10.3,0.264311111,1.733333333,97,5.68,19.7,20.4,20.05,1,Yes,66
BO,Bolivia,280,7768,24.66277617,684.2158761,1.409303636,1.368949237,1.880774858,1.624862047,7.191947392,61.73450486,0.11353142,0.104801459,49.78339913,69.425,68.173,14.3,17.2,13.1,64.5,22.4,6.531785994,108,6.8,0.716125,1.1,89,22.07,27.4,27.2,27.3,1,Yes,72
BA,Bosnia_and_Herzegovina,151,2435,45.42816649,732.5667907,1.666781533,2.62930836,4.143070642,3.386189501,16.47031747,68.76346488,0.03323929,0.649204883,51.01053603,48.245,74.622,4.1,17.8,3.7,94.5,1.8,11.69717713,25,9,1.775033333,3.366666667,68,4.01,45.6,43.2,44.4,1,Yes,66
BW,Botswana,1,35,0.443630924,15.52708234,0.159456176,0.329681137,0.658207309,0.493944223,4.223874346,61.66317964,0.02254126,0.039774249,51.73076044,69.446,65.79,24.5,20.3,8.3,45.7,46,16.13368671,275,5.8,0.357744444,2,97,24.3,42.2,41,41.6,1,Yes,92
BR,Brazil,25598,411821,122.204046,1966.020487,2.09062497,1.380430988,2.2316251,1.806028044,8.922837832,69.74309026,2.09469333,0.250617162,50.82991676,86.569,71.804,8.1,16.6,12.2,73.9,13.9,15.58475055,45,10.4,1.84654,2.328571429,84,25.49,28.1,38.5,33.3,1,Yes,57
BN,Brunei_Darussalam,2,141,4.66241765,328.7004443,0.753001899,0.685945519,0.830842101,0.75839381,4.873147568,72.10039094,0.00428962,0.813969639,48.03618053,77.629,74.454,5.5,16.6,7.4,84.8,7.8,80.80041295,68,13.3,1.383027273,2.754285714,99,25.92,29.1,32,30.55,1,Yes,70
BG,Bulgaria,133,2460,18.93449746,350.2170207,1.299605292,3.478339296,5.966232164,4.72228573,21.02191443,64.38262025,0.07024216,0.647035372,51.41408841,75.008,71.3,3.6,23.6,2.6,95.2,2.2,17.94657771,22,6,3.808875,6.488888889,93,4.7,45.5,46.5,46,1,Yes,68
BF,Burkina_Faso,53,845,2.683335751,42.78148508,0.566241308,0.178068625,0.312584895,0.24532676,2.406980829,52.64493785,0.19751535,0.721912829,50.09548152,29.358,59.981,24.7,21.7,11,32.7,56.3,1.670992821,48,7.3,0.042371429,0.65,88,30.63,9,12.4,10.7,1,Yes,71
BI,Burundi,1,42,0.089482432,3.758262137,0.037220232,0.227288725,0.356300586,0.291794655,2.24694046,52.25137879,0.11175378,4.35178271,50.42199464,13.032,59.092,21.7,22.9,12.1,32.1,55.8,0.756837783,111,5.1,0.04885,1.133333333,88,20.43,32.6,30.8,31.7,1,Yes,92
KH,Cambodia,0,124,0,7.630864088,0,0.449154804,0.691622533,0.570388668,4.568680018,64.22990522,0.16249798,0.920564129,51.19798127,23.388,67.062,14.4,21.1,10,64.4,25.6,3.333351675,302,6.4,0.249714286,0.76,84,27.93,25.5,24.1,24.8,1,Yes,28
CM,Cameroon,177,5436,7.019286819,215.575385,0.904135747,0.245414325,0.371297985,0.308356155,2.728877355,54.6395428,0.25216237,0.533439889,50.00348783,56.374,57.235,26.6,21.6,10.9,35.2,53.9,3.293088452,186,6,0.07534,1.4,71,26.27,18.5,17.9,18.2,1,Yes,67
CA,Canada,6765,87508,182.5474591,2361.324915,2.263748377,3.443849679,5.170417542,4.307133611,17.23200668,66.89774245,0.37058856,0.040753082,50.39152995,81.411,80.288,3.4,9.8,6.1,88.3,5.6,44.22649071,5.6,7.6,2.329444444,3.071428571,90,-18.72,22.7,23.9,23.3,0,No,26
CF,Central_African_Republic,1,702,0.214299016,150.4379093,0.084325643,0.22803331,0.477617901,0.352825606,2.825773707,52.87990574,0.04666377,0.074904122,50.43647371,41.364,50.152,41.2,23.1,10.3,26,63.7,0.853266377,540,6,0.049733333,1.1,49,26.96,33.6,33.2,33.4,1,Yes,76
CO,Colombia,803,24104,16.17364085,485.4912069,1.234862376,1.484269277,2.035181427,1.759725352,8.47804702,68.444057,0.49648685,0.447487021,50.9257717,80.778,74.124,7.8,15.8,15,74.8,10.1,13.2116325,33,7.4,1.701292308,1.316666667,95,25.14,28.7,28.7,28.7,1,Yes,67
KM,Comoros,2,87,2.402916179,104.5268538,0.531851252,0.312504466,0.465468086,0.388986276,3.007009306,57.45456686,0.00832322,4.472444775,49.55870444,28.965,62.21,31.6,22.9,10.9,41.7,47.4,2.642014446,35,12.3,0.183233333,2.2,90,25.2,43.6,41.5,42.55,1,Yes,123
CG,Congo,19,571,3.622937619,108.8788095,0.664918033,0.207618852,0.36783665,0.287727751,2.681719539,55.554778,0.05244363,0.153568463,50.06560377,66.916,62.546,20.3,16.7,9.9,34.6,55.5,5.663648881,375,6,0.1288,1.6,75,25.6,18.2,19.3,18.75,1,Yes,76
HR,Croatia,101,2244,24.69799971,548.7357559,1.40989932,3.641813091,7.485827341,5.563820216,20.44543301,65.04262698,0.040894,0.73077198,51.85262175,56.947,74.9,2.6,16.7,5.3,92.4,2.3,22.99221167,8.4,5.4,2.80697,5.635454545,93,5.83,43.7,38.5,41.1,1,Yes,57
CZ,Czech_Republic,317,9086,29.83334267,855.0970078,1.489020609,2.8374196,5.346183237,4.091801418,19.42087689,64.99251759,0.10625695,1.376028879,50.80858893,73.792,76.5,1.8,15,4.7,89.9,5.4,32.77180572,5.4,7,3.702925,7.01,96,2.8,48.2,42.6,45.4,1,Yes,62
DK,Denmark,565,11480,97.45670766,1980.182308,1.993245309,3.569074916,5.465762605,4.517418761,19.81295264,63.7287848,0.05797446,1.380673017,50.27420273,87.874,79.2,3.1,11.3,3.8,89.7,6.5,48.52499245,5.4,8.3,3.569583333,3.411111111,95,2.24,39.9,34.6,37.25,1,Yes,58
DJ,Djibouti,18,2697,18.77111751,2812.539106,1.296031217,0.513758341,0.706059519,0.60990893,4.527579378,65.89830466,0.0095892,0.413684211,47.36678545,77.777,64,31.7,19.6,10.4,44.4,45.2,2.744268655,260,5.1,0.215125,1.457142857,86,25.75,19.8,22.3,21.05,1,Yes,79
DO,Dominican_Republic,474,15723,44.60267625,1479.510293,1.658990331,1.412019587,1.762644226,1.587331906,7.082817476,64.94005302,0.10627165,2.199785759,50.00779607,81.074,70.609,19.4,19,12,72.3,15.8,13.90508789,45,8.6,1.377333333,1.4375,95,22.88,27.4,29.3,28.35,1,Yes,62
EC,Ecuador,3275,38103,191.6958303,2230.285869,2.284872317,1.311845122,1.763443374,1.537644248,7.157289727,64.81411827,0.17084357,0.687886818,49.97062518,63.821,73.833,7.2,13,12.8,72.2,15.1,10.87590232,44,5.5,1.9036,1.528571429,83,21.93,28.5,28.6,28.55,1,Yes,61
EG,Egypt,816,19666,8.290694929,199.8098119,0.9680482,0.593765077,0.988303009,0.791034043,5.229779346,60.97149994,0.98423595,0.988734693,49.46997164,42.704,69.453,11.2,27.7,5.8,84.1,10.2,10.81103407,12,17.2,1.7304875,1.51,94,17.83,17.1,23.9,20.5,1,Yes,46
SV,El_Salvador,39,2109,6.074062445,328.4666076,0.849668889,1.646244321,2.037614154,1.841929238,8.287090005,64.58082908,0.06420744,3.098814672,53.11400244,72.023,68.006,6.7,14,15.4,73.8,10.8,7.23484666,70,8.8,1.65428,0.99,81,25.7,27.1,30,28.55,1,Yes,79
GQ,Equatorial_Guinea,12,1043,9.167485374,796.8072704,1.007213556,0.232444908,0.34489751,0.288671209,2.457877347,60.42552379,0.01308974,0.466657398,44.45585294,72.143,57.059,29.9,22,10.7,35.9,53.4,30.59084741,201,6,0.4,2.066666667,30,25.04,28.2,25.2,26.7,1,Yes,75
EE,Estonia,66,1840,49.96653756,1393.006502,1.707285131,3.146516752,7.951709709,5.54911323,19.62635685,64.01656941,0.01320884,0.303861054,52.85842682,68.88,73.3,1.2,17,4.5,92.7,2.8,28.83400008,13,4.2,3.3407,5.36,87,-2.35,45.5,42.9,44.2,1,Yes,59
ET,Ethiopia,6,731,0.054932701,6.692634026,0.023224755,0.454539764,0.547960578,0.501250171,3.501132998,55.7158851,1.09224559,1.09224559,49.97888842,20.763,63.997,28.1,18.3,11.7,39.3,49,1.512624673,151,4.3,0.0362,1.75,61,23.48,27.5,22.2,24.85,1,Yes,74
FJ,Fiji,0,18,0,20.37390646,0,0.471507507,0.687612641,0.579560074,5.449680413,65.03769739,0.00883483,0.483570334,49.30050142,56.248,65.594,10.9,30.6,5.4,84.4,10.1,8.875444117,54,14.7,0.58042,2.1475,94,25,27.6,25,26.3,1,Yes,80
FI,Finland,313,6692,56.72293654,1212.747257,1.761348417,3.922743734,6.888801066,5.4057724,21.72078755,62.13402948,0.0551805,0.181568556,50.72075849,85.382,78.6,1,10.2,5.5,93.2,1.3,42.85524302,4.7,5.6,3.14394,5.96,96,-6.09,54.6,46.6,50.6,1,Yes,30
FR,France,28596,145746,426.8872444,2175.727665,2.63132934,4.567285278,7.639166419,6.103225848,20.03462475,62.00891081,0.66987244,1.223383957,51.58424048,80.444,79.5,2.5,10.6,6.4,87.6,6,40.35156801,8.9,4.8,3.265085714,6.922222222,90,6.37,38,38.5,38.25,1,Yes,25
GA,Gabon,14,2319,6.606032723,1094.242135,0.88115819,0.385315219,0.681796982,0.533556101,3.563907468,59.41022284,0.02119275,0.082247642,49.06862016,89.37,63.879,21,14.4,9.1,41,49.9,17.07781628,525,6,0.3611,3.2,59,26.14,44.7,43.6,44.15,1,Yes,73
GM,Gambia,1,25,0.438576871,10.96442177,0.157933073,0.243793092,0.275318369,0.259555731,2.589980939,53.141274,0.02280102,2.253065217,50.4021329,61.27,60.088,26.3,20.4,10.9,34.3,54.8,2.40519192,174,1.9,0.098583333,1,91,27.32,33,30.4,31.7,1,Yes,78
GE,Georgia,12,735,3.216295899,196.9981238,0.624931082,2.519536527,4.845952828,3.682744678,14.86549143,65.33926797,0.03731,0.652752021,52.2912375,58.632,68.98,5.9,24.9,3.6,93.7,2.7,9.583460817,80,5.8,4.6252,3.122222222,98,0.72,40.2,41,40.6,1,Yes,58
DE,Germany,8411,179717,101.4254282,2167.147032,2.010407788,5.070352822,8.183807356,6.627080089,21.461962,64.9170079,0.82927922,2.373709698,50.66036737,77.312,78.6,2.2,12.1,4,91.2,4.8,46.57620676,7.3,10.4,3.84022,8.255555556,97,3.87,35.6,34.2,34.9,1,Yes,28
GH,Ghana,34,7303,1.14220031,245.3379079,0.330860078,0.279961165,0.373264824,0.326612994,3.068898007,59.33504041,0.29767108,1.308214292,49.3258297,56.06,62.437,23.9,20.8,9.8,42.7,47.5,3.921976369,148,2.5,0.120157143,0.9,92,29.52,41.5,41.4,41.45,1,Yes,73
EL,Greece,173,2903,16.12652442,270.6086728,1.233669238,6.139058539,8.396765896,7.267912217,21.65527208,64.27348306,0.10727668,0.832247324,50.91620191,79.058,78.9,2.6,12.4,2.9,86.2,10.9,27.2065489,4.5,4.7,5.710111111,4.655555556,97,8.19,39.2,36.4,37.8,1,Yes,58
GT,Guatemala,68,4145,3.942530201,240.3204071,0.693949332,0.935174985,1.174519546,1.054847266,4.812072508,60.7525321,0.17247807,1.609537794,50.7593495,51.054,70.83,12.3,14.9,15.7,59.2,25.1,7.515929075,26,10,0.62945,0.625,87,22.94,25.6,26.5,26.05,1,Yes,75
GN,Guinea,21,3446,1.69159514,277.5827073,0.430009736,0.258365228,0.380757766,0.319561497,2.926022448,53.22380421,0.12414318,0.505222123,51.8211107,36.14,60.04,31.1,22.4,9.2,35.1,55.7,2.002287565,176,2.4,0.091966667,0.3,48,27.63,40.6,41,40.8,1,Yes,74
GY,Guyana,11,139,14.12059502,178.4329734,1.179568882,1.078007872,1.466464609,1.272236241,6.450271243,65.33518355,0.00779004,0.039573482,49.80802483,26.606,66.605,18.2,30.5,12.4,67.6,20,7.198724456,83,11.6,0.568233333,2.16,98,25.65,26.2,26.3,26.25,1,Yes,73
HT,Haiti,34,1320,3.056680934,118.6711421,0.608170851,0.681593975,0.973671571,0.827632773,4.949403848,61.80835189,0.11123176,4.035985486,50.65220989,55.278,61.139,26,26.5,12.6,57.1,30.3,1.705897595,176,6.7,0.18585,1,69,23.47,25.5,26.7,26.1,1,Yes,80
HN,Honduras,194,4640,20.23463414,483.9623836,1.327044783,0.855371368,1.203419741,1.029395555,4.690617659,63.56850081,0.09587522,0.856870319,50.04934017,57.096,72.573,9.6,14,19.6,66.5,14,4.43369596,37,7.3,0.5716,0.728571429,89,23.38,25.5,25.7,25.6,1,Yes,72
HU,Hungary,509,3816,52.10473974,390.6319977,1.725133285,2.666133636,5.876485472,4.271309554,19.15772538,66.4302824,0.09768785,1.079066055,52.43242803,71.351,72.6,2.3,23,4.4,93.8,1.8,25.75737361,6.4,6.9,3.248616667,7.3,99,5.44,46.2,47.4,46.8,1,Yes,65
TD,Chad,64,715,4.134967671,46.19534195,0.710537714,0.265347334,0.360835727,0.31309153,2.480518944,50.39318107,0.15477751,0.122917336,50.08489942,23.059,52.315,34.2,23.9,9.3,27.3,63.4,2.007321619,142,6,0.042,0.4,37,26.55,32.7,31.3,32,1,Yes,80
CL,Chile,841,82289,44.90324179,4393.63004,1.661843357,1.985226934,3.416403968,2.700815451,11.52980166,68.71629587,0.1872916,0.251894461,50.72703184,87.564,77.333,4.9,12.4,7.1,84.7,8.1,22.25239602,18,8.6,1.03645,2.171428571,93,10.87,31.7,28.2,29.95,1,Yes,64
CN,China,4638,84106,3.330150137,60.38930733,0.636502955,1.395661945,2.179912351,1.787787148,10.92088354,71.20211371,13.9273,1.483488333,48.67937396,59.152,74.315,4.3,17,7,89.3,3.8,13.53137814,61,9.2,1.5732,3.406666667,99,0.49,35.7,32.3,34,1,Yes,0
IN,India,4531,158333,3.34980183,117.0567586,0.638469472,0.815471943,1.074141137,0.94480654,6.179955649,66.7667425,13.52617328,4.549380726,48.02353964,34.03,68,22.7,23.3,11.3,62.7,26,5.836656562,199,10.4,0.673908333,0.8,90,23.45,25.8,29.2,27.5,1,Yes,30
ID,Indonesia,1473,23851,5.503179768,89.10817423,0.813125759,0.638622003,1.073740944,0.856181474,5.857165613,67.59163708,2.67663435,1.477521901,49.64388219,55.325,69.156,12.7,26.4,6,73.3,20.7,10.57720447,316,6.3,0.24655,0.9,75,25.79,25,24.7,24.85,1,Yes,62
IR,Iran,7564,141591,92.46913357,1730.935628,1.970668217,1.279637669,0.966979086,1.123308377,6.184573806,69.33886753,0.81800269,0.502224201,49.43912976,74.898,75.217,8.9,14.8,10.1,81.9,7.9,18.45018392,14,9.6,0.98516,1.44,99,11.33,26.4,25.9,26.15,1,Yes,51
IQ,Iraq,175,5135,4.553307523,133.6070522,0.744551724,0.375919297,0.59028822,0.483103759,3.323599663,58.28983494,0.384336,0.8853057,49.40868153,70.473,68.277,15.3,21.3,28.4,54.7,16.8,15.88951421,42,8.8,0.725333333,1.31,83,15.12,24.8,23.9,24.35,1,Yes,56
IE,Ireland,1631,24803,336.0457368,5110.326432,2.527688838,2.500080583,3.537624323,3.018852453,13.8658017,64.72777871,0.04853506,0.70452983,50.42550948,63.17,80.2,2.3,10.3,4.3,90.6,5.1,59.30557795,7,3.2,2.81283,3.955555556,92,6,46,32.2,39.1,1,Yes,61
IL,Israel,281,16793,31.63060852,1890.294694,1.513625173,2.412569501,3.679803859,3.04618668,11.97698602,60.09776752,0.088838,4.105268022,50.29812658,92.418,80.7,1.9,9.6,4.1,85.8,10,34.57108539,4,9.7,3.381055556,3.533333333,98,14.96,33.8,40.1,36.95,1,Yes,53
IT,Italy,33072,231139,547.266223,3824.823643,2.738991491,5.48160915,8.865262332,7.173435741,22.7516796,63.91920431,0.60431283,2.054507479,51.37666963,70.438,81,2,9.5,3.8,91.4,4.9,37.76308158,7,5,3.949277778,3.6875,93,6.52,45.7,36.5,41.1,0,No,31
JM,Jamaica,9,569,3.066591024,193.8766992,0.609230498,1.938861836,2.152497631,2.045679734,8.796642551,67.45326077,0.02934855,2.709930748,50.33982963,55.674,72.708,10.2,14.7,8.7,80,11.2,8.508546942,2.9,11.3,0.542271429,1.757142857,89,23.44,30.4,33.6,32,1,Yes,72
JP,Japan,858,16651,6.781048786,131.5981857,0.891038138,6.16625352,10.55644152,8.361347518,27.57636991,59.72678128,1.265291,3.470734584,51.15925913,91.616,81.09,0.9,8.4,4.8,82.4,12.7,39.15300602,14,5.6,2.278066667,13.796,97,2.52,46.7,37.5,42.1,1,Yes,15
JO,Jordan,9,720,0.903976502,72.31812018,0.279661584,0.533540227,0.671212256,0.602376242,3.846490398,61.90801939,0.09956011,1.121424983,49.38968354,90.979,72.628,9.5,19.2,10.9,78.4,10.7,9.201496512,5,12.7,2.249236364,1.781818182,92,13.08,29.3,26.3,27.8,1,Yes,63
KZ,Kazakhstan,37,9576,2.024457748,523.9515511,0.480647522,0.916332598,2.070076147,1.493204373,7.391846271,64.14760395,0.18276499,0.067698259,51.51148365,57.428,68.72,5.6,26.8,9.5,86,4.5,24.10303385,68,6.1,3.60587,7.411111111,99,-3.96,33.9,33.1,33.5,1,Yes,75
KE,Kenya,55,1471,1.070184447,28.62256949,0.316009042,0.192552058,0.347275826,0.269913942,2.339186612,57.87864645,0.5139301,0.902994167,50.31602039,27.03,63.539,19.6,13.4,9.6,27.1,63.3,2.883933712,292,3.1,0.181228571,1.4,89,26.1,34.7,36.8,35.75,1,Yes,74
KW,Kuwait,175,23267,42.29802512,5623.703717,1.636468088,0.208429792,0.257054012,0.232741902,2.550472384,75.91063957,0.04137309,2.321722222,39.54817062,100,74.584,4.5,17.4,12.8,72.4,14.8,75.83072959,23,12.2,2.168736364,1.98,99,19.23,24.5,26.5,25.5,1,Yes,55
LV,Latvia,23,1057,11.93848875,548.6514179,1.111883553,3.142420306,7.988171646,5.565295976,20.04362032,63.96060274,0.01926542,0.309833065,54.01016666,68.142,69.9,2,21.9,5.4,91.8,2.7,23.81468261,29,5,3.38225,6.811111111,98,-1.37,44.7,36.7,40.7,1,Yes,63
LB,Lebanon,26,1161,3.796216195,169.5156539,0.680898751,1.195141634,1.770569733,1.482855684,7.002368134,66.9017647,0.06848925,6.694941349,49.70580552,88.593,77.031,4.3,17.9,5.8,90.6,3.6,13.24506878,11,11.2,2.553444444,3.38,82,10.39,30.6,29.6,30.1,0,No,53
LS,Lesotho,0,2,0,0.948707197,0,0.378519204,1.263282327,0.820900765,4.901087497,62.38256097,0.02108132,0.694378129,50.71689543,28.153,49.837,34.9,26.6,8.3,32.3,59.3,2.904362304,611,4.5,0.0676,1.3,90,15.13,17.5,35,26.25,1,Yes,136
LR,Liberia,27,266,5.602848903,55.19843734,0.819731359,0.33809045,0.461197454,0.399643952,3.2534318,55.62158161,0.04818977,0.500309074,49.76829102,51.151,61.911,24.5,17.6,10,31.4,58.5,1.256311099,308,2.4,0.024666667,0.75,91,26.44,39.9,40.3,40.1,1,Yes,77
LY,Libya,4,99,0.598930878,14.82353924,0.20382969,0.623992592,0.897056923,0.760524758,4.392040259,67.28872201,0.06678567,0.037956324,49.48378881,80.102,69.672,6.4,20.1,20.1,71.9,8,19.33961593,40,10.2,1.987483333,3.67,97,17.76,23.4,23.6,23.5,1,Yes,85
LT,Lithuania,66,1647,23.65987425,590.4214075,1.391990858,3.502748738,8.171307449,5.837028094,19.70503316,65.41254234,0.02789533,0.445313514,53.79195865,67.679,69.5,2.1,20.7,6.6,89.8,3.6,27.8087523,44,3.8,4.08613,7.166666667,92,-0.47,43.5,40.5,42,1,Yes,59
LU,Luxembourg,110,4001,181.0020272,6583.537372,2.260076225,3.001252845,5.045801068,4.023526956,14.18315418,69.93802183,0.00607728,2.500938272,49.53925897,90.981,80.1,1.4,10,6.7,88.4,4.9,100.2191161,8,5,2.85313,5.372727273,99,4.7,48.5,37.1,42.8,1,Yes,61
MG,Madagascar,2,612,0.076154595,23.30330608,0.031874664,0.384010505,0.464329479,0.424169992,2.986717126,56.34513228,0.26262368,0.451398556,50.12396661,37.191,64.728,20.6,22.9,10.6,43.2,46.2,1.704443059,233,4.5,0.1736,0.25,62,23.99,33.1,32.2,32.65,1,Yes,81
MW,Malawi,4,101,0.220466877,5.566788649,0.086525997,0.205437411,0.412039068,0.308738239,2.64543493,53.45227916,0.18143315,1.924407616,50.70151569,16.937,60.155,22.4,16.4,8.6,31.7,59.7,1.18364844,181,4.5,0.017675,1.2,87,23.25,33.4,32.6,33,1,Yes,94
MY,Malaysia,115,7619,3.647483704,241.6537247,0.667217876,1.014299063,1.134040731,1.074169897,6.671754625,69.33310429,0.31528585,0.959628215,48.57852058,76.036,73.903,4.3,17.2,8.9,73.6,17.5,25.87140336,92,16.7,1.24358,1.83125,96,25.19,26.5,25.2,25.85,1,Yes,25
ML,Mali,70,1116,3.669207331,58.4976483,0.669243159,0.240603954,0.296138984,0.268371469,2.507229758,49.94928385,0.1907769,0.156350159,49.94099673,42.356,57.718,32.7,24.6,8.9,30.5,60.6,2.013123602,53,2.4,0.095757143,0.333333333,70,27.34,32.6,32.1,32.35,1,Yes,86
MR,Mauritania,16,292,3.633622729,66.3136148,0.66592067,0.322204697,0.518632339,0.420418518,3.141112158,56.77570502,0.04403319,0.042721636,49.82265622,53.672,62.831,33.5,18.1,9.4,37.2,53.4,3.817210749,93,7.1,0.140666667,0.4,78,25.29,26.3,29.5,27.9,1,Yes,75
MU,Mauritius,10,334,7.90324531,263.9683933,0.94954834,1.45222816,2.593364071,2.022796116,11.47417307,70.73213461,0.01265303,6.233019704,50.5771064,40.793,71.3,9.2,22.6,4.8,88.7,6.5,19.39872805,13,22,1.457755556,3.233333333,99,25.48,49,48.4,48.7,1,Yes,80
MX,Mexico,8597,78023,68.12700147,618.2939439,1.839647719,1.323883923,1.780723839,1.552303881,7.223684981,66.21946683,1.26190788,0.649146264,51.08928083,80.156,72.046,7.5,15.7,10.3,79.9,9.8,17.85558954,23,13.5,2.031566667,1.588888889,97,18.44,29.3,28.5,28.9,1,Yes,60
MD,Moldova,274,7537,77.27271317,2125.563647,1.893610388,1.434889207,3.099615595,2.267252401,11.46955634,72.6703528,0.03545883,1.235198035,52.03556312,42.629,67.439,11.9,24.9,5.7,90.1,4.2,5.893327428,86,5.7,2.6256,6.166666667,93,2.93,43.3,42.2,42.75,1,Yes,68
MN,Mongolia,0,161,0,50.78531125,0,0.443128345,0.813654454,0.6283914,4.083538787,65.50689291,0.03170208,0.020406087,50.66954471,68.445,65.465,8.7,30.2,10.6,79.7,9.7,11.12779754,428,4.7,2.963588889,6.326666667,99,-8.8,37.3,30.6,33.95,1,Yes,70
ME,Montenegro,9,324,14.46143216,520.6115579,1.189249719,2.649874997,4.191096087,3.420485542,14.97493664,66.81554422,0.00622345,0.462710037,50.55901294,66.813,74.205,1.7,20.6,3.5,95,1.4,16.27348919,15,9,2.089277778,4.0125,58,2.53,43.4,41.9,42.65,1,Yes,78
MA,Morocco,202,7601,5.606573213,210.9681336,0.819976252,0.895347383,1.442099792,1.168723588,7.012904821,65.78071505,0.36029138,0.807285189,50.40384729,62.453,74.948,13.8,12.4,6.4,79.6,14,7.479525807,99,7,0.63655,0.98,99,13.09,33.5,33,33.25,1,Yes,63
MZ,Mozambique,1,227,0.033902946,7.695968689,0.014479773,0.225021068,0.471233627,0.348127348,2.890764457,52.43843539,0.29495962,0.375085353,51.4751911,35.988,56.293,27.8,18.4,7.8,26.9,65.3,1.261685675,551,3.3,0.0468875,0.766666667,85,25.48,36.1,31.5,33.8,1,Yes,83
MM,Myanmar,6,206,0.111714379,3.835527016,0.045993223,0.572078348,0.986136643,0.779107495,5.784641933,67.84430978,0.53708395,0.822386155,51.80789687,30.579,63.419,23.1,24.2,8.6,67.8,23.6,5.021414617,338,3.9,0.53712,0.75,93,22.74,24.7,25.5,25.1,1,Yes,84
NM,Namibia,0,22,0,8.985992064,0,0.405442661,0.824916078,0.61517937,3.636031681,59.45371913,0.02448255,0.029737456,51.55369032,50.032,60.02,15.6,21.3,9.8,40.9,49.3,10.2230967,524,4.5,0.37305,3,82,22.67,43.2,41.9,42.55,1,Yes,75
NP,Nepal,4,886,0.142410224,31.54386461,0.057822081,0.73815416,0.76508477,0.751619465,5.727670776,63.8580639,0.28087871,1.959391071,54.53534333,19.74,68.71,19.9,21.8,8.8,66.2,25,2.475204131,151,7.2,0.572975,2.65,91,10.02,21.6,22.1,21.85,1,Yes,25
NL,Netherlands,5871,45768,340.7227792,2656.140378,2.53367393,3.646464803,5.748813652,4.697639228,19.19619263,64.69564866,0.17231017,5.114579104,50.22094356,91.49,80,2.1,11.2,5.2,89.6,5.2,49.98431549,5.3,5.4,3.408288889,4.6,93,4.95,39.1,33.8,36.45,0,No,59
NZ,New_Zealand,22,1154,4.503121482,236.2091905,0.7406091,3.178234768,4.283992631,3.7311137,15.65242453,64.69414402,0.048855,0.185541757,50.8377694,86.538,80,3.5,10.1,6,89.5,4.6,36.49950432,7.3,6.2,2.70726,2.55,92,13.6,36.4,30.9,33.65,1,Yes,59
NI,Nicaragua,35,759,5.413336884,117.392077,0.807084053,0.875364918,1.329772715,1.102568817,5.247497448,64.55082135,0.06465513,0.537270484,50.71270568,58.522,70.551,9.4,14.2,12.7,76.4,10.9,4.883732481,41,11.4,0.7439,0.922222222,99,24.95,25.4,26.2,25.8,1,Yes,79
NE,Niger,64,955,2.851675279,42.55234205,0.585649666,0.200988059,0.267188373,0.234088216,2.595007883,47.42066751,0.22442948,0.177176506,49.7710026,16.425,60.485,25.2,20,10.4,27,62.7,0.927871404,87,2.4,0.0334,0.3,77,26.01,33.8,32.4,33.1,1,Yes,81
NO,Norway,235,8383,44.22001168,1577.43131,1.65533067,3.203995019,5.242311162,4.223153091,17.04922216,65.40173947,0.05314336,0.145549195,49.52463113,82.248,80.9,1.5,9.2,5.6,87,7.3,62.65031844,4.1,5.3,4.216266667,4.255555556,96,-5.49,38.2,33,35.6,1,Yes,58
OM,Oman,38,8373,7.868337046,1733.72595,0.94784219,0.291642897,0.627624487,0.459633692,2.392786956,75.36070706,0.04829483,0.156041454,34.01408352,84.539,75.645,5.1,17.8,17.7,71.9,10.5,42.47905241,5.9,10.1,1.951830769,1.86,99,23.4,22.2,26.2,24.2,1,Yes,56
PK,Pakistan,1260,61227,5.937373993,288.5139662,0.841195108,0.668168494,0.640955466,0.65456198,4.312774311,60.41741109,2.1221503,2.752893187,48.53807472,36.666,66.041,42,24.7,7.3,57.8,34.9,4.650109752,265,19.9,0.847275,0.72,76,16.01,20.1,21.1,20.6,1,Yes,58
PA,Panama,315,11728,75.41526879,2807.842135,1.883180145,1.690797014,2.150270427,1.92053372,8.10473108,64.8329646,0.04176873,0.561860775,49.90538365,67.709,75.06,8.5,13,9.7,74.6,15.6,20.88390552,52,7.7,1.43397,2.288888889,98,25.44,27.7,24.6,26.15,1,Yes,70
PY,Paraguay,11,884,1.581352462,127.0832342,0.411847308,1.018730586,1.408356781,1.213543683,6.430215009,64.12927939,0.06956071,0.175083589,49.15161135,61.585,72.041,10.7,17.5,12,74.4,13.7,11.40293228,43,9.6,0.963933333,1.285714286,93,25.84,27.8,27.2,27.5,1,Yes,68
PE,Peru,3983,135905,124.5105544,4248.45767,2.098680248,1.461559994,1.900242929,1.680901461,8.088392792,66.12100436,0.31989256,0.249916063,50.33775549,77.907,73.612,7.3,12.6,10.5,69.2,20.3,12.35151656,123,6.6,1.1828,1.4875,85,19.99,16.2,17.8,17,1,Yes,67
PH,Philippines,904,15049,8.476171672,141.10388,0.97663292,0.529499112,1.049259577,0.789379345,5.122568768,63.91439103,1.06651922,3.576883053,49.74165739,46.907,66.971,13.5,26.8,7.5,67.3,25.2,7.008266471,554,7.1,1.251866667,0.583333333,67,25.13,28,23.5,25.75,1,Yes,30
PL,Poland,1028,22473,27.06791213,591.7287833,1.448210108,2.903126191,6.023106697,4.463116444,17.51781676,67.42990642,0.37978548,1.240358862,51.53070738,60.058,73.9,2.7,18.7,4.7,90.3,5,25.99043099,16,6.1,2.19399,6.522222222,93,2.65,40.9,35,37.95,1,Yes,64
PT,Portugal,1356,31292,131.8840098,3043.447222,2.123472724,4.92825496,7.753484862,6.340869911,21.95385754,64.58823464,0.10281762,1.122394535,52.71196171,65.211,78.1,2.1,11.1,4.2,85.6,10.2,29.33900414,24,9.8,3.790972727,3.422222222,99,11.33,38.6,35.7,37.15,1,Yes,63
QA,Qatar,30,48947,10.78486107,17596.21983,1.071324467,0.08736843,0.282074199,0.184721314,1.370070339,85.08916548,0.02781677,2.395931955,24.49528738,99.135,78.83,3.5,15.3,25.9,68.9,5.2,123.2139364,31,15.6,2.473025,1.64,99,21.78,26.8,36.2,31.5,1,Yes,61
RO,Romania,1219,18594,62.59648794,954.8146815,1.803433133,3.422968613,5.993919023,4.708443818,18.33870139,66.12674365,0.19473936,0.84639847,51.34374306,53.998,71.7,3.4,21.4,3.6,92.2,4.2,21.61827187,68,6.9,2.401466667,6.455555556,90,3.4,39.1,46.7,42.9,1,Yes,58
RW,Rwanda,0,346,0,28.12564751,0,0.283653239,0.441287971,0.362470605,2.938196078,57.0862309,0.12301939,4.986598703,50.86106135,17.211,66.187,15.9,18.2,13.5,44,42.4,1.788978751,59,5.1,0.091688889,1.6,99,19.25,32.2,30.4,31.3,1,Yes,75
VC,Saint_Vincent_and_the_Grenadines,0,18,0,163.3245622,0,2.208049735,2.688400052,2.448224893,9.589786863,67.86890601,0.0011021,2.825897436,49.20878323,52.198,70.075,9.7,23.2,5.6,81,13.4,10.93176308,6.3,11.6,0.6587,3.3,99,25.9,27.9,30.7,29.3,1,Yes,73
SA,Saudi_Arabia,425,78541,12.6112958,2330.597137,1.133899472,0.39373448,0.613956066,0.503845273,3.314088023,71.64306385,0.33699947,0.156766543,42.44584798,83.844,73.671,3.7,16.4,16.3,73.2,10.6,51.58783045,10,15.8,2.2562625,2.25,98,20.6,25.6,27,26.3,1,Yes,63
SN,Senegal,39,3253,2.459891159,205.1801523,0.539062437,0.317852589,0.447213505,0.382533047,3.086823701,53.85774593,0.1585436,0.823474783,51.27732977,47.192,65.242,20.6,18.1,12.2,42.1,45.7,3.131027095,118,2.4,0.1402,0.2,82,28.47,42.3,40.4,41.35,1,Yes,63
RS,Serbia,240,11275,34.37369129,1614.847372,1.548680381,3.142712667,4.895514542,4.019113605,18.34579269,65.96452656,0.06982084,0.798317402,51.00252296,56.092,73.6,3.4,19.1,3,94.6,2.4,14.9080484,17,9,2.429011111,5.6125,92,4.91,43.5,41.6,42.55,1,Yes,67
SL,Sierra_Leone,45,782,5.882234528,102.2201645,0.837729468,0.276193938,0.428234028,0.352213983,2.966556211,55.97380444,0.07650154,1.05987171,50.12127215,42.055,53.049,32.8,30.5,8.9,33.2,57.9,1.495939359,298,2.4,0.0205,0.4,80,27.65,39.8,39.7,39.75,1,Yes,92
SG,Singapore,23,32876,4.07897173,5830.446722,0.705775796,1.57583078,2.777488249,2.176659514,11.46338019,76.25833717,0.05638676,79.52998418,47.65812541,100,80.7,1.1,9.3,3.7,73.6,22.7,86.06842373,47,5.5,1.768590909,2.745714286,95,28.62,25.7,22.1,23.9,1,Yes,24
SK,Slovakia,28,1515,5.1404339,278.1341914,0.788199061,2.063817656,4.380908223,3.222362939,15.6292465,68.92461673,0.05447011,1.132905782,51.33833252,53.726,73.8,2.8,17.2,6,89.2,4.8,29.09152057,5.8,6.5,3.1179,6.34,96,2.4,39.5,33.7,36.6,1,Yes,67
SI,Slovenia,107,1471,51.75652955,711.5313548,1.722276219,3.494602074,7.135926468,5.315264271,19.60687965,65.3713453,0.02067372,1.026398595,50.24520703,54.541,78.2,1.2,12.7,6.6,88.4,5,31.74028604,5.3,5.9,2.59476,4.655555556,93,3.38,42.5,37.2,39.85,1,Yes,65
ZA,South_Africa,552,25937,9.553541212,448.895287,1.02339821,0.46387285,0.973071799,0.718472325,5.318005005,65.60250585,0.57779622,0.476301198,50.69415038,66.355,60.162,10.7,26.2,9.1,51.3,39.6,12.86668914,520,12.7,0.7698875,2.8,70,21.1,47,45.9,46.45,1,Yes,66
KR,South_Korea,269,11344,5.209618792,219.6948535,0.79306494,2.0743798,4.349705248,3.212042524,14.41855583,72.60812059,0.51635256,5.296521036,49.91688179,81.459,79.7,1.5,7.8,10,79.8,10.1,34.63708528,66,6.9,2.059846154,10.608,98,3.66,28.6,23.5,26.05,1,Yes,20
ES,Spain,27118,236769,580.390071,5067.422993,2.764467611,4.677468767,7.656942645,6.167205706,19.37850752,65.95449137,0.46723749,0.935290583,50.89664131,80.321,80.5,1.7,9.9,3.5,91.4,5.1,34.5888453,9.4,6.9,4.1592,3.188888889,97,8.6,44,37.1,40.55,1,Yes,32
LK,Sri_Lanka,10,1469,0.461467467,67.78957084,0.164789152,1.29445871,1.918697495,1.606578102,10.47321975,65.32977922,0.2167,3.45558922,51.96681766,18.476,73.238,4.5,17.4,9.7,82.8,7.5,11.11853273,64,10.7,0.77147,3.55,99,27.03,23,25.8,24.4,1,Yes,28
SE,Sweden,4220,35088,414.409062,3445.683689,2.618475966,4.082747672,6.262458819,5.172603245,20.09552493,62.32268961,0.10183175,0.250010434,49.94577617,87.431,80.6,1.5,9.1,4.9,89.9,5.2,47.62859186,5.5,4.8,4.0331,2.766666667,97,-4.98,41.8,37,39.4,0,No,32
CH,Switzerland,1647,30678,193.3883267,3602.165808,2.288670181,3.980298089,6.318468783,5.149383436,18.62321656,66.46582867,0.08516543,2.155213784,50.42712466,73.797,81.7,2.9,8.6,6.1,89.6,4.3,61.31460887,6.4,5.7,4.00455,5.122222222,96,0.09,38.6,31.7,35.15,1,Yes,57
TJ,Tajikistan,46,3100,5.054480154,340.6280104,0.78207686,0.449818211,0.597068309,0.52344326,3.021887552,60.19382837,0.09100837,0.655727142,49.58383544,27.134,68.493,15,25.3,7.6,69.2,23.2,2.729333668,84,6.1,1.784433333,5.266666667,98,-3.08,26.3,25.4,25.85,1,Yes,122
TH,Thailand,57,3054,0.820988215,43.98768437,0.260307135,2.075680574,2.987450312,2.531565443,11.90089314,71.01211804,0.69428524,1.358972068,51.26870461,49.949,72.977,5,14.5,10.2,74,15.8,15.85714835,153,7,0.404733333,2.1,96,27.38,23.4,23.8,23.6,1,Yes,13
TG,Togo,13,395,1.64784448,50.06912074,0.422892473,0.236070695,0.303956886,0.270013791,2.869468011,55.79600849,0.07889094,1.450467733,50.26804722,41.702,59.644,24.9,23.6,10.7,37.6,51.7,1.495678909,36,2.4,0.088975,0.8,85,29.31,39.5,40.1,39.8,1,Yes,67
TN,Tunisia,48,1051,4.150380746,90.87604507,0.711839336,1.4318627,2.007625714,1.719744207,8.315679079,67.51420057,0.11565204,0.744413234,50.43715186,68.945,74.297,11.5,16.1,6.4,85.8,7.8,11.26605608,35,8.5,1.160971429,2.054545455,96,14.21,20.9,25.2,23.05,1,Yes,63
TR,Turkey,4397,158762,53.41368734,1928.60219,1.735708157,1.258236095,2.096723323,1.677479709,8.48321294,66.86737692,0.82319724,1.069601289,50.6778132,75.143,74.149,5.5,16.1,6.2,89.4,4.4,23.52121366,16,11.1,1.6521,2.455555556,96,4.77,38.3,35.1,36.7,1,Yes,72
UG,Uganda,0,281,0,6.577232071,0,0.135478195,0.276030833,0.205754514,1.94098692,51.1284879,0.42723139,2.130617345,50.7760789,23.774,60.27,19.9,21.9,12.7,32.9,54.5,1.810328657,200,2.5,0.104575,0.75,86,23.68,24.6,32.7,28.65,1,Yes,82
UA,Ukraine,644,21584,14.4321759,483.7019948,1.188427165,2.370502813,5.604740303,3.987621558,16.43468644,67.75290039,0.44622516,0.770296674,53.6877507,69.352,67.02,5.2,24.7,5,91,4.1,8.441752249,80,6.1,3.351966667,8.922222222,91,1.18,47.7,50.6,49.15,1,Yes,64
AE,United_Arab_Emirates,255,31969,26.47711407,3319.399449,1.438971117,0.09768939,0.163864477,0.130776933,1.085000985,84.31148965,0.09630959,1.356091101,30.63668795,86.522,76.966,4,16.8,16.8,76.8,6.5,65.51808994,1,16.3,1.704891667,1.677777778,99,22.61,17.9,19.2,18.55,1,Yes,27
UK,United_Kingdom,37460,267240,563.4015412,4019.312009,2.751588191,4.138001989,5.918416108,5.028209048,18.39586567,63.92605226,0.66488991,2.748273922,50.63527456,83.398,79.4,2.6,10.9,3.5,88.8,7.7,41.16112713,8,3.9,2.752875,3.211111111,92,4.66,31.7,29.9,30.8,1,Yes,31
US,United_States_of_America,100442,1699933,307.0048836,5195.9114,2.488557603,3.100216455,4.64999079,3.875103623,15.80765406,65.48330596,3.27167434,0.357660886,50.52001465,82.256,76.1,3.5,14.6,6.6,88.3,5.2,55.05816581,3,10.8,2.527475,3.033333333,92,0.06,31.1,31.8,31.45,0,No,21
UY,Uruguay,22,803,6.378107552,232.8009256,0.867944982,2.713383584,6.07614463,4.394764107,14.81451953,64.57749939,0.03449299,0.197080277,51.72154269,95.334,73.805,4.5,16.7,7.5,84.9,7.6,20.4797528,33,7.3,4.16766,2.525,97,21.26,37.5,38.8,38.15,1,Yes,75
UZ,Uzbekistan,14,3333,0.42481657,101.1366878,0.153758957,0.628220928,1.045586657,0.836903793,4.419137878,66.89480471,0.329554,0.774692055,50.13735892,50.478,69.25,11.6,24.5,6,83.7,10.3,6.836106092,70,6.5,2.5078125,4.588888889,96,5.38,27.1,27.7,27.4,1,Yes,76
YE,Yemen,53,255,1.859734801,8.947780647,0.45632576,0.283627857,0.416135352,0.349881605,2.876269756,57.50883997,0.28498687,0.539778529,49.61165749,36.642,64.413,27,30.6,14.7,56.6,28.7,3.531423902,48,5.4,0.309866667,0.69,64,20.82,9.6,12.4,11,1,Yes,101
ZM,Zambia,7,1057,0.403415849,60.91579317,0.147186377,0.154686514,0.351255165,0.252970839,2.099678026,52.96418082,0.17351822,0.233414789,50.49320776,43.521,60.158,23.5,17.9,10.2,29.2,60.6,3.802501334,346,4.5,0.0879125,1.95,94,22.9,27.2,27.4,27.3,1,Yes,79
ZW,Zimbabwe,4,132,0.27702715,9.141895938,0.10620013,0.24497323,0.599574612,0.422273921,2.939523653,54.65941011,0.14439018,0.373245909,52.35675207,32.209,59.105,20.9,19.3,12.3,33,54.6,2.56069527,210,1.8,0.0656125,2.35,88,22.92,33.2,32,32.6,1,Yes,81
